match_id,time_s,cs_self,cs_enemy,cs_diff,xp_self,xp_enemy,xp_diff,self_x,self_y,enemy_x,enemy_y,champ_distance,self_base_distance,cs_diff_final,is_ahead_final
NA1_5408967392,0.0,0,0,0,0,0,0,14103,14195,603,611,19151.37217016055,2618.517519513666,15,1
NA1_5408967392,60.014,0,0,0,0,0,0,3237,13735,1002,12128,2752.7575265540554,12962.422381638395,15,1
NA1_5408967392,120.031,3,3,0,185,215,-30,2941,12582,2224,12125,850.2576080224158,13498.896436375828,15,1
NA1_5408967392,180.037,10,11,-1,675,768,-93,3350,13155,1640,11484,2390.887073870282,12965.975667106582,15,1
NA1_5408967392,240.043,17,17,0,1288,1230,58,1778,11767,1242,10748,1151.3717905177284,14838.583928394246,15,1
NA1_5408967392,300.049,22,22,0,1565,1785,-220,1999,13131,1720,12230,943.2083545007434,14291.926462167374,15,1
NA1_5408967392,360.05,30,29,1,2239,2297,-58,1342,11506,1282,11297,217.44194627532195,15331.438288692943,15,1
NA1_5408967392,420.055,35,32,3,2710,2627,83,5723,13398,1695,11228,4575.334304725721,10601.279781233961,15,1
NA1_5408967392,480.075,46,39,7,3419,3088,331,1487,10877,1163,10171,776.7959835117584,15390.656191338952,15,1
NA1_5408967392,540.147,51,47,4,3695,4155,-460,8971,13975,2494,13548,6491.059851826973,7314.879766612709,15,1
NA1_5408967392,600.175,60,51,9,4343,4680,-337,1563,10658,1699,11383,737.6455788520664,15393.632872067594,15,1
NA1_5408967392,660.204,62,58,4,4548,5808,-1260,4421,13536,3463,13389,969.2125669841472,11838.265793603387,15,1
NA1_5408967392,720.216,74,67,7,5318,6351,-1033,1006,12314,1390,12293,384.573790058553,15440.42201495801,15,1
NA1_5408967392,780.239,81,67,14,6361,6472,-111,2251,12524,1853,11442,1152.878137532324,14181.59289360684,15,1
NA1_5408967392,840.252,92,79,13,7182,7120,62,2304,13511,1438,12546,1296.603640284879,13920.328192970164,15,1
NA1_5408967392,900.253,99,87,12,7611,7570,41,1205,10977,1263,10211,768.1926841619882,15624.421717298852,15,1
NA1_5408967392,960.282,111,96,15,8299,8957,-658,1251,10686,1354,11880,1198.4343953675561,15677.104228778988,15,1
NA1_5409113655,0.0,0,0,0,0,0,0,14103,14195,603,611,19151.37217016055,2618.517519513666,35,1
NA1_5409113655,60.019,0,0,0,0,0,0,3413,11378,2655,12719,1540.4041677429987,13408.782681511399,35,1
NA1_5409113655,120.053,3,4,-1,153,246,-93,2484,12624,1864,12382,665.5554071600651,13931.246606100978,35,1
NA1_5409113655,180.114,12,13,-1,663,798,-135,3735,13327,3038,11234,2206.00498639509,12552.894247941389,35,1
NA1_5409113655,240.137,23,19,4,1402,1416,-14,3193,9614,1353,11279,2481.4965242772355,14310.84361594382,35,1
NA1_5409113655,300.162,31,24,7,2050,1908,142,1712,11473,1213,10976,704.2797739535049,14988.017647440905,35,1
NA1_5409113655,360.18,40,30,10,2572,2586,-14,1996,12193,1430,11512,885.5038113977828,14512.245346602986,35,1
NA1_5409113655,420.192,46,40,6,2974,3315,-341,7611,13777,3145,13162,4508.1460712803,8678.539623692457,35,1
NA1_5409113655,480.225,60,46,14,3775,3748,27,3553,10863,1713,11158,1863.498054734697,13465.384435655746,35,1
NA1_5409113655,540.257,65,50,15,4091,4217,-126,4280,11749,4051,10380,1388.0208932145079,12467.132829965356,35,1
NA1_5409113655,600.272,73,50,23,4584,4418,166,1287,10692,806,3809,6899.786228572592,15641.203054752534,35,1
NA1_5409113655,660.274,85,53,32,5232,4933,299,2224,12255,1350,11672,1050.6022082596248,14275.965851738369,35,1
NA1_5409113655,720.292,92,60,32,5785,5658,127,1589,12040,1346,10797,1266.52990489763,14945.183873074295,35,1
NA1_5409113655,780.309,100,68,32,6215,6367,-152,3003,13262,1766,12023,1750.7969613864425,13282.268368016059,35,1
NA1_5409113655,840.313,106,74,32,6863,6847,16,3414,9976,2860,9875,563.1314233817893,13953.349848692249,35,1
NA1_5409113655,900.335,112,81,31,7696,7276,420,2650,13207,1683,11425,2027.4646729351414,13639.0376859953,35,1
NA1_5409113655,960.365,117,84,33,7944,7727,217,5795,9258,4776,7159,2333.2728087388323,12230.968440806313,35,1
NA1_5409113655,1020.374,127,89,38,8642,8160,482,4245,11556,3025,11427,1226.801124877215,12566.986949941502,35,1
NA1_5409113655,1080.375,136,99,37,9289,8796,493,3041,13313,3642,10541,2836.4035326448175,13234.638264795907,35,1
NA1_5409113655,1140.381,146,111,35,9988,9463,525,4042,10438,1226,10978,2867.3081452819124,13188.237486487722,35,1
NA1_5409236562,0.0,0,0,0,0,0,0,603,611,14103,14195,19151.37217016055,858.4462708871184,-5,0
NA1_5409236562,60.02,0,0,0,0,0,0,3184,12744,3430,13070,408.40176297366787,13135.729595268014,-5,0
NA1_5409236562,120.023,3,1,2,185,123,62,1832,13100,2717,13431,944.8735365116329,13227.47988091458,-5,0
NA1_5409236562,180.133,12,7,5,973,724,249,4086,13482,4066,13436,50.15974481593781,14087.57324736947,-5,0
NA1_5409236562,240.152,18,14,4,1280,1062,218,2932,12770,3425,13485,868.4894933158374,13102.271711424703,-5,0
NA1_5409236562,300.178,27,23,4,1928,1740,188,3628,10993,3914,13666,2688.256870166986,11576.20114718123,-5,0
NA1_5409236562,360.181,30,35,-5,2174,2558,-384,1383,9781,14340,14391,13752.670613375425,9878.291856388938,-5,0
NA1_5409236562,420.186,42,40,2,2882,3022,-140,3749,10981,3958,13651,2678.167470491717,11603.334089820908,-5,0
NA1_5409236562,480.197,50,45,5,3530,3639,-109,1476,11701,1830,12362,749.8246461673556,11793.726171147098,-5,0
NA1_5409236562,540.218,54,56,-2,3776,4343,-567,1222,10984,3501,11328,2304.816044720272,11051.76637465704,-5,0
NA1_5409236562,600.233,56,64,-8,4100,4968,-868,900,3969,1166,12080,8115.360558841487,4069.761786640589,-5,0
NA1_5409236562,660.237,67,66,1,4748,5204,-456,2310,12309,3846,13432,1902.7414432865019,12523.880429004423,-5,0
NA1_5409236562,720.251,71,85,-14,5118,6105,-987,786,6535,1096,8775,2261.3491548188663,6582.098525546393,-5,0
NA1_5409236562,780.271,76,95,-19,5422,6750,-1328,3761,10273,2724,11961,1981.0888420260208,10939.8194683459,-5,0
NA1_5409236562,840.3,84,106,-22,6257,7458,-1201,1119,11436,1300,11749,361.56603822815,11490.616040926614,-5,0
NA1_5409236562,900.313,94,106,-12,6780,7458,-678,2324,12830,4434,13304,2162.585489639658,13038.783532216492,-5,0
NA1_5409236562,960.32,108,113,-5,7484,8081,-597,3513,10568,3569,10657,105.152270541344,11136.597011654861,-5,0
NA1_5409236562,1020.351,108,113,-5,7484,8930,-1446,3366,8551,1475,10843,2971.3877229335117,9189.644008338952,-5,0
NA1_5409314079,0.0,0,0,0,0,0,0,603,611,14103,14195,19151.37217016055,858.4462708871184,37,1
NA1_5409314079,60.026,0,0,0,0,0,0,6939,7330,1959,13645,8042.364391147668,10093.4939936575,37,1
NA1_5409314079,120.027,2,4,-2,123,246,-123,1540,12241,2264,12457,755.5342480655659,12337.490871323876,37,1
NA1_5409314079,180.034,13,8,5,738,552,186,1328,11628,3290,7759,4338.041608836872,11703.587825961746,37,1
NA1_5409314079,240.063,28,8,20,1477,552,925,3159,12494,3525,12136,511.97656196353364,12887.176455686482,37,1
NA1_5409314079,300.138,32,9,23,1878,737,1141,2682,8148,3698,13172,5125.703073725594,8578.055024304753,37,1
NA1_5409314079,360.158,45,14,31,2755,1166,1589,3612,13544,3309,12975,644.6471903297182,14017.363518151336,37,1
NA1_5409314079,420.186,53,20,33,3189,1783,1406,1348,11301,2806,11584,1485.2114327596594,11381.111764673959,37,1
NA1_5409314079,480.198,66,20,46,4204,1939,2265,2325,13551,4443,13619,2119.091314691276,13749.008182410831,37,1
NA1_5409314079,540.224,69,30,39,4450,2553,1897,3440,10821,3351,11158,348.5541564807397,11354.630817424228,37,1
NA1_5409314079,600.253,76,39,37,4935,3107,1828,1647,12810,4284,13362,2694.1553407329725,12915.444591650727,37,1
NA1_5409400651,0.0,0,0,0,0,0,0,603,611,14103,14195,19151.37217016055,858.4462708871184,-3,0
NA1_5409400651,60.024,0,0,0,0,0,0,3345,11279,2268,13352,2336.0774815917384,11764.559745268838,-3,0
NA1_5409400651,120.03,2,4,-2,185,246,-61,2557,12807,2486,13235,433.84905209070126,13059.766383821727,-3,0
NA1_5409400651,180.132,12,9,3,829,829,0,1055,11506,1198,11768,298.4845054605012,11554.265922160524,-3,0
NA1_5409400651,240.148,17,13,4,1376,1344,32,1544,11380,1663,12055,685.4093667291103,11484.264713075887,-3,0
NA1_5409400651,300.156,23,22,1,2198,1992,206,1374,11011,14208,14254,13237.394192211697,11096.39567607428,-3,0
NA1_5409400651,360.163,30,28,2,2565,2515,50,6382,6620,2568,13074,7496.713413223158,9195.342516730956,-3,0
NA1_5409400651,420.178,35,36,-1,3477,3158,319,2196,12152,2230,12298,149.90663761154806,12348.826664910315,-3,0
NA1_5409400651,480.199,47,41,6,4124,3495,629,784,2216,6704,13689,12910.310956750809,2350.5982217299493,-3,0
NA1_5409400651,540.221,48,53,-5,4527,4201,326,2169,12171,2440,12347,323.1361941968123,12362.758672723496,-3,0
NA1_5409400651,600.253,52,57,-5,5291,4653,638,998,4517,5347,13833,10281.131114814167,4625.936986168315,-3,0
NA1_5409400651,660.285,64,72,-8,6004,5392,612,1277,10677,836,10121,709.6597776399618,10753.095275314918,-3,0
NA1_5409400651,720.292,75,74,1,6734,5484,1250,3308,13390,3759,13419,451.9314107251232,13792.569158789816,-3,0
NA1_5409400651,780.319,85,88,-3,7320,6281,1039,2846,11850,2858,12948,1098.0655718125397,12186.969106385723,-3,0
NA1_5409400651,840.322,91,94,-3,7596,7076,520,2261,9963,1253,11345,1710.5519577025423,10216.334469857573,-3,0
NA1_5409486912,0.0,0,0,0,0,0,0,603,611,14103,14195,19151.37217016055,858.4462708871184,-20,0
NA1_5409486912,60.026,0,0,0,0,0,0,1438,10713,1127,12247,1565.208292847952,10809.08011812291,-20,0
NA1_5409486912,120.052,1,4,-3,123,276,-153,1273,10986,1205,11646,663.493782939976,11059.50835254443,-20,0
NA1_5409486912,180.134,8,11,-3,727,829,-102,1695,11252,2127,11779,681.4345162963203,11378.951137956434,-20,0
NA1_5409486912,240.167,14,20,-6,1405,1477,-72,1278,10909,1500,12064,1176.1415731109923,10983.60437197189,-20,0
NA1_5409486912,300.196,24,29,-5,2084,2125,-41,1143,10788,1534,11678,972.1013321665597,10848.382045263708,-20,0
NA1_5409486912,360.222,31,37,-6,2637,2678,-41,1299,10766,1442,11592,838.2869437131894,10844.083963157054,-20,0
NA1_5409486912,420.23,36,48,-12,3284,3345,-61,1266,10707,1470,11445,765.676171759315,10781.586386056553,-20,0
NA1_5409486912,480.255,39,55,-16,3616,4055,-439,1195,10483,1295,11310,833.0240092578365,10550.891621090608,-20,0
NA1_5409486912,540.267,43,63,-20,4411,4455,-44,1053,10908,1177,12641,1737.430574152533,10958.707633658269,-20,0
NA1_5409486912,600.299,44,70,-26,4739,4887,-148,1362,10523,1528,11702,1190.628825453172,10610.77626754989,-20,0
NA1_5409486912,660.322,52,72,-20,5574,5337,237,3324,13086,12384,14178,9125.571982073234,13501.569242128857,-20,0
NA1_5409486912,720.353,56,81,-25,5922,5961,-39,1505,11005,1641,11776,782.9029314033764,11107.432196506985,-20,0
NA1_5409486912,780.373,67,91,-24,6661,6609,52,1055,10854,1656,12878,2111.3448320916223,10905.152039288585,-20,0
NA1_5409486912,840.381,74,102,-28,7182,7195,-13,1088,10637,1287,11447,834.0869259255896,10692.497977554169,-20,0
NA1_5409486912,900.382,85,107,-22,8681,7595,1086,2600,13546,2374,12096,1467.5067291157475,13793.263428210164,-20,0
NA1_5409486912,960.382,91,111,-20,9088,7891,1197,1705,11161,1314,11982,909.3525169041982,11290.480326363444,-20,0
NA1_5409517778,0.0,0,0,0,0,0,0,14103,14195,603,611,19151.37217016055,2618.517519513666,33,1
NA1_5409517778,60.026,0,0,0,0,0,0,2917,12685,1268,10486,2748.600007276432,13496.448199433806,33,1
NA1_5409517778,120.028,4,3,1,215,185,30,1844,11554,1806,11366,191.80198122021577,14837.76438686098,33,1
NA1_5409517778,180.049,13,10,3,798,738,60,1694,11515,1099,10860,884.9011244201241,14992.560188306732,33,1
NA1_5409517778,240.065,14,13,1,1004,1189,-185,3314,13367,2599,12974,815.8884727706355,12956.360793062224,33,1
NA1_5409517778,300.071,21,19,2,1498,1591,-93,2673,13066,1811,12089,1302.909436607165,13646.145426456513,33,1
NA1_5409517778,360.1,29,23,6,2016,2086,-70,1971,12062,1000,6585,5562.406853152689,14571.227985314072,33,1
NA1_5409517778,420.168,41,26,15,2959,2426,533,1255,12144,975,10749,1422.8228983257193,15240.85827635701,33,1
NA1_5409517778,480.17,50,30,20,3445,2890,555,2224,12805,1839,11686,1183.3790601493674,14141.647746991861,33,1
NA1_5409517778,540.223,59,32,27,4149,3048,1101,920,10670,875,4397,6273.161403949368,15994.227083544862,33,1
NA1_5409517778,600.234,68,43,25,4797,3634,1163,1194,12137,1372,11335,821.5156724007156,15301.647133560491,33,1
NA1_5409517778,660.244,78,50,28,5465,4121,1344,1452,10986,1059,10792,438.2750278078823,15387.803611951902,33,1
NA1_5409517778,720.275,83,53,30,6157,4522,1635,3888,13968,656,3367,11082.735447532797,12281.268989807202,33,1
NA1_5409517778,780.298,91,58,33,6617,4919,1698,1661,11082,6704,6739,6655.336054625642,15158.94603856086,33,1
NA1_5409850527,0.0,0,0,0,0,0,0,603,611,14103,14195,19151.37217016055,858.4462708871184,36,1
NA1_5409850527,60.028,0,0,0,0,0,0,3363,11357,1725,13114,2402.101788018151,11844.459379811306,36,1
NA1_5409850527,120.053,3,5,-2,215,246,-31,1893,12319,2544,12442,662.5179242858264,12463.595388169499,36,1
NA1_5409850527,180.055,16,12,4,829,583,246,3021,13058,3812,13212,805.8517233337657,13402.902857217163,36,1
NA1_5409850527,240.062,21,22,-1,1200,1477,-277,1242,6678,2882,12592,6137.181437761149,6792.514114817871,36,1
NA1_5409850527,300.155,30,26,4,1879,2033,-154,1280,11352,2040,12255,1180.2580226374232,11423.935574048026,36,1
NA1_5409850527,360.173,40,28,12,2696,2280,416,2287,12955,4755,14039,2695.5667307636813,13155.318088134547,36,1
NA1_5409850527,420.191,44,37,7,2977,2928,49,1071,10862,1468,11901,1112.263457999048,10914.672922263864,36,1
NA1_5409850527,480.202,56,42,14,4135,3267,868,3445,13368,2709,11997,1556.0645873484816,13804.761823370949,36,1
NA1_5409850527,540.221,67,46,21,4727,3634,1093,3242,11283,3329,13625,2343.6153694665854,11739.533764166275,36,1
NA1_5409850527,600.254,80,54,26,5375,4282,1093,2598,13530,3678,13379,1090.5049289205438,13777.173294983264,36,1
NA1_5409850527,660.272,88,61,27,5838,4832,1006,3094,12902,3756,13256,750.7063340614624,13267.797104267158,36,1
NA1_5409850527,720.285,100,69,31,6451,5480,971,3074,13312,3869,13848,958.8122861123547,13662.313859665206,36,1
NA1_5409850527,780.318,112,75,37,7119,6066,1053,2494,13462,3936,13705,1462.3313577982249,13691.07300396868,36,1
NA1_5409850527,840.33,118,82,36,7536,6558,978,3292,13054,3484,13081,193.8891435846783,13462.695866727436,36,1
NA1_5409873101,0.0,0,0,0,0,0,0,14103,14195,603,611,19151.37217016055,2618.517519513666,31,1
NA1_5409873101,60.027,0,0,0,0,0,0,3337,11355,1631,11306,1706.7035477785823,13488.053751375697,31,1
NA1_5409873101,120.055,2,3,-1,185,215,-30,2638,13275,2488,12832,467.70610430055325,13637.032998420147,31,1
NA1_5409873101,180.128,14,9,5,738,829,-91,2114,12991,1893,12998,221.11083193728885,14208.274948071634,31,1
NA1_5409873101,240.144,21,12,9,1765,1016,749,3030,13726,954,4872,9094.124036981242,13167.838698890566,31,1
NA1_5409873101,300.15,23,20,3,1950,1642,308,3808,13500,2681,12484,1517.3611962878185,12445.67651837376,31,1
NA1_5409873101,360.16,39,23,16,2770,1828,942,1327,11007,1024,7252,3767.2050647661854,15499.25733704683,31,1
NA1_5409873101,420.175,45,28,17,3141,2309,832,6768,13961,2181,12378,4852.469268321027,9454.488087675609,31,1
NA1_5409873101,480.194,61,30,31,4216,2433,1783,1091,10843,1180,8613,2231.7753023098003,15775.70695721748,31,1
NA1_5409873101,540.213,61,34,27,4216,3051,1165,4685,13526,4786,10410,3117.6364444880355,11582.30983008139,31,1
NA1_5409873101,600.215,74,40,34,4893,3665,1228,4843,13148,4188,11760,1534.7863043433767,11515.752385319858,31,1
NA1_5409873101,660.228,79,45,34,5265,4057,1208,2163,12488,1162,11083,1725.116227968423,14275.738614866832,31,1
NA1_5409873101,720.231,90,59,31,5838,4953,885,2608,11710,1316,11079,1437.8543041629773,14062.352719228742,31,1
NA1_5409894703,0.0,0,0,0,0,0,0,14103,14195,603,611,19151.37217016055,2618.517519513666,64,1
NA1_5409894703,60.03,0,0,0,0,0,0,3315,11296,1843,12979,2235.905409448262,13529.110872485302,64,1
NA1_5409894703,120.036,5,3,2,246,215,31,2124,12855,2103,12540,315.6992239458311,14227.944370147081,64,1
NA1_5409894703,180.131,14,12,2,829,767,62,2548,12118,1357,11042,1605.0722725161008,14000.936682950894,64,1
NA1_5409894703,240.137,23,14,9,1477,1044,433,2397,12382,1599,11406,1260.706151329484,14075.920325151033,64,1
NA1_5409894703,300.16,34,21,13,2296,1443,853,1388,11071,908,10928,500.8482804203285,15420.946306890508,64,1
NA1_5409894703,360.174,46,24,22,2849,1750,1099,1744,11952,1144,10843,1260.9048338395726,14819.576242254701,64,1
NA1_5409894703,420.186,55,32,23,3467,2228,1239,1899,12652,1432,11379,1355.9564889774304,14493.008831847168,64,1
NA1_5409894703,480.217,62,41,21,3959,2742,1217,4245,13345,3028,12760,1350.3014478256327,12051.101609396545,64,1
NA1_5409894703,540.237,71,46,25,4483,3049,1434,4113,13694,3232,12511,1475.0084745519262,12108.608714464268,64,1
NA1_5409894703,600.24,87,48,39,5465,3171,2294,3159,9828,1377,10866,2062.272532911206,14247.275704498737,64,1
NA1_5409894703,660.26,100,57,43,6113,3694,2419,1447,10824,1315,10639,227.26416347501865,15446.06050098212,64,1
NA1_5409894703,720.267,110,65,45,6666,4364,2302,2639,13032,1291,11018,2423.489220112192,13686.684952902218,64,1
NA1_5409894703,780.291,123,71,52,7313,5033,2280,13263,14220,1303,11262,12320.36379333013,3264.8995390363852,64,1
NA1_5409894703,840.301,136,79,57,7961,5620,2341,2080,11777,1270,10819,1254.5373649278047,14546.48167083711,64,1
NA1_5409894703,900.308,147,83,64,8964,5896,3068,2693,12719,394,461,12471.726624649853,13705.517502086523,64,1
NA1_5409917303,0.0,0,0,0,0,0,0,14103,14195,603,611,19151.37217016055,2618.517519513666,29,1
NA1_5409917303,60.023,0,0,0,0,0,0,1964,13215,4674,8506,5433.118901699097,14309.63035860815,29,1
NA1_5409917303,120.047,3,3,0,185,215,-30,3328,13060,2476,12523,1007.1112153084187,13008.581167829181,29,1
NA1_5409917303,180.134,9,13,-4,768,829,-61,3913,13768,2576,13537,1356.8087558679742,12291.35440055326,29,1
NA1_5409917303,240.142,19,18,1,1477,1201,276,1904,12356,1191,11171,1382.9656539480654,14559.393943430476,29,1
NA1_5409917303,300.163,27,31,-4,2094,2001,93,3397,13552,2733,12541,1209.5523965500627,12838.547931911926,29,1
NA1_5409917303,360.177,37,41,-4,2647,2554,93,3980,13480,3365,13399,620.3112122152879,12281.319147388036,29,1
NA1_5409917303,420.185,45,49,-4,3234,3202,32,3832,13668,2498,13450,1351.6952319217523,12389.449059582916,29,1
NA1_5409917303,480.189,52,56,-4,3559,3634,-75,4663,13624,3098,11652,2517.5402678010933,11583.304580300044,29,1
NA1_5409917303,540.195,65,57,8,4634,3696,938,1847,13202,1131,10365,2925.957108366423,14426.92666509399,29,1
NA1_5409917303,600.226,75,61,14,5260,4201,1059,4839,10568,4780,10004,567.0775961012743,12412.67678625364,29,1
NA1_5409917303,660.256,83,69,14,5789,4849,940,4325,13551,3099,13286,1254.312959352649,11929.091583184363,29,1
NA1_5409917303,720.268,97,78,19,6466,5422,1044,3115,13032,1779,13099,1337.678959990027,13222.414643324419,29,1
NA1_5409917303,780.285,106,85,21,7154,5946,1208,3402,12316,2152,11895,1318.9924184770737,13125.603224233162,29,1
NA1_5409917303,840.31,116,87,29,8387,6131,2256,1031,11433,803,2997,8439.080518634717,15650.190094692141,29,1
NA1_5409917303,900.339,124,95,29,8868,6631,2237,3834,13705,3563,11938,1787.6604823064138,12380.572725039823,29,1
NA1_5409935909,0.0,0,0,0,0,0,0,603,611,14103,14195,19151.37217016055,858.4462708871184,0,0
NA1_5409935909,60.009,0,0,0,0,0,0,3330,11346,3748,13683,2374.0878248287277,11824.576778895726,0,0
NA1_5409935909,120.017,2,3,-1,215,185,30,2235,12124,2332,12731,614.7015536014204,12328.284592756609,0,0
NA1_5409935909,180.041,11,10,1,852,705,147,1582,11258,1697,11395,178.86866690396056,11368.609765490239,0,0
NA1_5409935909,240.049,18,22,-4,1500,1353,147,1126,10729,1524,11512,878.3467424656393,10787.924591875862,0,0
NA1_5409935909,300.054,19,28,-9,1865,1844,21,1080,11020,1764,11280,731.7485907058516,11072.79549165431,0,0
NA1_5409935909,360.054,31,36,-5,2666,2397,269,1500,11089,13440,14214,12342.172620734164,11189.992001784452,0,0
NA1_5409935909,420.079,38,45,-7,3037,2923,114,2172,12262,2798,13176,1107.82309056997,12452.880309390273,0,0
NA1_5409935909,480.089,48,56,-8,3652,3631,21,1125,10863,1649,11600,904.2925411613213,10921.098571114539,0,0
NA1_5409935909,540.091,53,59,-6,4426,3817,609,1771,10105,1793,11757,1652.14648260982,10259.018763994927,0,0
NA1_5409935909,600.107,59,60,-1,4882,3910,972,3371,8722,3817,10733,2059.8633449818944,9350.771358556469,0,0
NA1_5409935909,660.119,64,63,1,5382,4468,914,1426,10800,1759,12058,1301.3273992351042,10893.735631086336,0,0
NA1_5409935909,720.125,79,71,8,6216,4898,1318,3214,11956,1055,11718,2172.0784976607083,12380.457665207696,0,0
NA1_5409935909,780.129,86,79,7,6649,5813,836,844,10006,1529,9303,981.5467385713224,10041.532353181958,0,0
NA1_5409935909,840.139,86,84,2,6826,6027,799,2994,9861,7731,10925,4855.024716723901,10305.50129785058,0,0
NA1_5409935909,900.144,96,96,0,7969,6642,1327,1641,11934,3475,13112,2179.733928716989,12046.295571668496,0,0
NA1_5410222614,0.0,0,0,0,0,0,0,14103,14195,603,611,19151.37217016055,2618.517519513666,37,1
NA1_5410222614,60.0,0,0,0,0,0,0,4401,11599,1559,11456,2845.5953682841136,12405.869659157313,37,1
NA1_5410222614,120.017,4,0,4,246,123,123,2143,12691,1620,11989,875.4044779414828,14246.611175995504,37,1
NA1_5410222614,180.103,14,4,10,943,552,391,2343,12292,1227,7895,4536.415435120553,14151.427949150573,37,1
NA1_5410222614,240.104,17,13,4,1314,1318,-4,4100,13317,1312,11817,3165.903346597934,12198.708497213956,37,1
NA1_5410222614,300.125,29,16,13,2023,1841,182,1484,11216,1189,10487,786.4260931581556,15284.008374768708,37,1
NA1_5410222614,360.158,39,20,19,2802,2303,499,1213,12110,1165,10500,1610.7153690208584,15290.110169648877,37,1
NA1_5410222614,420.178,43,25,18,3169,2675,494,1377,11417,1211,10676,759.3661830763864,15324.360280285764,37,1
NA1_5410222614,480.21,53,33,20,4125,3228,897,1602,11383,1532,10623,763.2168761236874,15120.155191002505,37,1
NA1_5410222614,540.233,57,38,19,4422,3535,887,2393,13380,3805,13511,1418.063820848695,13856.94226732579,37,1
NA1_5410222614,600.246,67,41,26,5058,3935,1123,1206,8734,873,8216,615.8027281524498,16482.02633173482,37,1
NA1_5410222614,660.258,78,42,36,5696,4182,1514,1555,11274,1120,10581,818.2139084615953,15198.457191438873,37,1
NA1_5410222614,720.272,89,52,37,6269,4950,1319,2162,11628,1295,10490,1430.6407655313055,14512.223399603521,37,1
NA1_5410259826,0.0,0,0,0,0,0,0,14103,14195,603,611,19151.37217016055,2618.517519513666,18,1
NA1_5410259826,60.032,0,0,0,0,0,0,3378,11360,2568,13512,2299.392093576039,13447.84309843032,18,1
NA1_5410259826,120.039,3,3,0,215,215,0,2994,12477,2071,12261,947.937234209101,13474.700924324814,18,1
NA1_5410259826,180.043,9,12,-3,798,829,-31,3788,13596,3402,13218,540.2591970526739,12446.371358753522,18,1
NA1_5410259826,240.075,19,14,5,1466,1078,388,2499,12889,400,480,12585.272424544492,13854.794188294534,18,1
NA1_5410259826,300.176,22,22,0,1958,1786,172,2575,12740,1727,11419,1569.7595357251378,13815.144769418814,18,1
NA1_5410259826,360.203,34,30,4,2637,2370,267,3902,13755,2949,12947,1249.4290696153985,12304.536927491421,18,1
NA1_5410259826,420.234,42,40,2,3182,3018,164,2702,12676,1390,11922,1513.228337033113,13707.143393136295,18,1
NA1_5410259826,480.26,53,44,9,3735,3491,244,4001,13731,3621,13349,538.8172231842631,12211.648619248754,18,1
NA1_5410259826,540.292,67,45,22,4536,3614,922,2056,12477,1791,11738,785.0770662807569,14382.164823141195,18,1
NA1_5410259826,600.307,72,56,16,4969,4304,665,9744,13964,3804,13717,5945.133219701641,6578.968916175239,18,1
NA1_5410259826,660.321,84,65,19,5697,4952,745,3018,13472,1762,12984,1347.4717065675256,13225.849991588442,18,1
NA1_5410259826,720.344,94,74,20,6270,5443,827,14227,14375,1455,11077,13190.935827302019,2405.0268189772855,18,1
NA1_5410259826,780.353,104,79,25,6871,6054,817,2615,11951,1617,11022,1363.468004758454,13984.013229398777,18,1
NA1_5410259826,840.378,105,87,18,7302,6452,850,8498,8816,6236,10438,2783.438161698585,10387.004380474671,18,1
NA1_5410259826,900.404,105,87,18,7468,6452,1016,4807,13556,7038,6947,6975.4026407082765,11456.717898246427,18,1
NA1_5410309519,0.0,0,0,0,0,0,0,14103,14195,603,611,19151.37217016055,2618.517519513666,25,1
NA1_5410309519,60.021,0,0,0,0,0,0,4435,11657,1204,10940,3309.599673676561,12353.577376614436,25,1
NA1_5410309519,120.05,5,1,4,246,123,123,1943,12301,1454,11490,947.0174232821696,14535.537485762265,25,1
NA1_5410309519,180.127,12,5,7,829,768,61,1353,11858,1547,10879,998.0365724761793,15221.391953431854,25,1
NA1_5410309519,240.157,25,10,15,1477,1324,153,2042,11766,1152,11270,1018.8797770100258,14586.038530046464,25,1
NA1_5410309519,300.187,32,18,14,1938,2125,-187,3312,13377,2336,12616,1237.6174691721187,12956.29086583039,25,1
NA1_5410309519,360.198,39,18,21,2606,2390,216,2405,12093,1145,10774,1824.1055342276663,14145.270375641463,25,1
NA1_5410309519,420.216,46,23,23,3478,2977,501,1759,9610,774,9752,995.1828977630192,15608.913511196095,25,1
NA1_5410309519,480.248,46,28,18,3654,3409,245,2956,12778,2384,12184,824.6332518156178,13436.04182785987,25,1
NA1_5410309519,540.253,60,36,24,4363,3987,376,3514,11759,3101,13505,1794.1808715957263,13186.594594511504,25,1
NA1_5410309519,600.28,68,45,23,5351,4661,690,6277,6313,3183,12546,6958.672646417563,13724.96622946665,25,1
NA1_5410309519,660.305,74,53,21,5681,5248,433,2017,11897,1120,10697,1498.201922305535,14572.539174762922,25,1
NA1_5410309519,720.326,84,56,28,6234,5595,639,1180,11149,1131,10370,780.5395569732517,15593.735953901489,25,1
NA1_5410309519,780.356,89,64,25,7075,6363,712,4893,13574,3397,13562,1496.048127568094,11368.857682282773,25,1
NA1_5410346481,0.0,0,0,0,0,0,0,14103,14195,603,611,19151.37217016055,2618.517519513666,1,1
NA1_5410346481,60.004,0,0,0,0,0,0,4299,11707,1140,12292,3212.7100709525594,12463.677226244268,1,1
NA1_5410346481,120.031,3,3,0,185,215,-30,3181,13086,1921,12586,1355.5810562264435,13146.031986877257,1,1
NA1_5410346481,180.101,8,14,-6,676,829,-153,3889,13780,3106,12480,1517.593160237618,12312.786890058644,1,1
NA1_5410346481,240.115,11,19,-8,1190,1324,-134,2649,11885,1480,11370,1277.4137935688655,13970.770415406589,1,1
NA1_5410346481,300.128,21,20,1,2012,1542,470,14340,14391,1141,10096,13880.224277726928,2311.8133575182924,1,1
NA1_5410346481,360.16,25,31,-6,2351,2310,41,3798,13498,3373,13386,439.50995438101285,12455.874437388971,1,1
NA1_5410346481,420.179,35,40,-5,2998,2958,40,4061,13668,2895,12756,1480.3040228277432,12164.61857190763,1,1
NA1_5410346481,480.209,46,45,1,3551,3914,-363,2181,11967,3703,13929,2483.1286716559816,14395.48019344961,1,1
NA1_5410346481,540.234,51,50,1,3827,4190,-363,3555,10980,821,10728,2745.589189955409,13419.330273899663,1,1
NA1_5410346481,600.25,58,60,-2,4292,4930,-638,3496,13540,2129,12329,1826.255732366089,12743.689261748343,1,1
NA1_5410346481,660.261,64,70,-6,4775,5503,-728,3619,13528,2836,12646,1179.412141704502,12625.36910351535,1,1
NA1_5410346481,720.285,72,79,-7,5361,6151,-790,3851,13531,2259,13461,1593.5382016130018,12397.344957691546,1,1
NA1_5410346481,780.302,84,88,-4,6164,6767,-603,14340,14391,1377,11605,13259.003167659324,2311.8133575182924,1,1
NA1_5410346481,840.315,86,100,-14,6441,7445,-1004,4264,13371,3708,13741,667.8592666123604,12026.85898312606,1,1
NA1_5410346481,900.341,96,106,-10,7137,7907,-770,4466,11780,4374,12162,392.92238419311263,12281.757040423818,1,1
NA1_5410346481,960.362,108,107,1,8093,8096,-3,1091,12136,1451,10929,1259.5431711537321,15401.583587410743,1,1
NA1_5410346481,1020.393,117,118,-1,8968,9484,-516,2557,13404,2887,12977,539.656372148055,13691.364614237691,1,1
NA1_5410346481,1080.414,119,118,1,9146,9704,-558,13603,6599,1971,11617,12668.218027804858,9701.773549202228,1,1
NA1_5410373359,0.0,0,0,0,0,0,0,603,611,14103,14195,19151.37217016055,858.4462708871184,21,1
NA1_5410373359,60.021,0,0,0,0,0,0,7951,5808,4447,11678,6836.29402527422,9846.383346183511,21,1
NA1_5410373359,120.031,2,4,-2,153,246,-93,1921,12036,2227,12511,565.0318575089373,12188.336104653497,21,1
NA1_5410373359,180.049,11,6,5,829,553,276,3197,13264,14340,14391,11199.847231100966,13643.844949280243,21,1
NA1_5410373359,240.074,16,18,-2,1324,1353,-29,1614,11470,2233,11987,806.5048046974053,11583.000302166965,21,1
NA1_5410373359,300.144,27,19,8,2063,1723,340,3011,13283,3610,13681,719.169660094195,13619.993024961503,21,1
NA1_5410373359,360.147,34,33,1,2493,2544,-51,1844,12172,3179,13280,1734.903167326638,12310.886239422409,21,1
NA1_5410373359,420.171,46,37,9,3203,2935,268,1526,10916,6699,12994,5574.765734988332,11022.14734069546,21,1
NA1_5410373359,480.199,56,43,13,3881,3430,451,1881,12021,2690,12701,1056.8259080851492,12167.275866026874,21,1
NA1_5410373359,540.214,57,50,7,4005,3798,207,1246,12331,3451,13066,2324.274080223759,12393.791873353368,21,1
NA1_5410373359,600.22,68,57,11,4653,4476,177,2430,13188,3281,13541,921.3088515801853,13410.005369126442,21,1
NA1_5410373359,660.225,78,60,18,5412,4953,459,873,11015,1098,11392,439.0375838125934,11049.540895439955,21,1
NA1_5410373359,720.258,79,69,10,5564,5486,78,4572,13778,4261,14047,411.19581709934744,14516.765066639331,21,1
NA1_5410373359,780.284,85,69,16,6348,5972,376,1729,12171,12945,5831,12883.8758143658,12293.196573715073,21,1
NA1_5410373359,840.291,96,74,22,7026,6480,546,4414,9851,3590,13500,3740.8791747395426,10794.70226546337,21,1
NA1_5410373359,900.321,105,82,23,7609,6971,638,3356,13445,3909,13470,553.5648110203538,13857.516408072552,21,1
NA1_5410373359,960.339,110,89,21,8438,7597,841,3628,13387,4243,13527,630.7336997497438,13869.90097297021,21,1
NA1_5410875060,0.0,0,0,0,0,0,0,14103,14195,603,611,19151.37217016055,2618.517519513666,26,1
NA1_5410875060,60.028,0,0,0,0,0,0,4268,13669,1135,12157,3478.768891432715,11961.328730538258,26,1
NA1_5410875060,120.034,2,2,0,123,215,-92,2636,12761,2165,12614,493.4065261019558,13750.913315122018,26,1
NA1_5410875060,180.059,9,6,3,798,829,-31,3638,13814,3013,13427,735.1149569965231,12553.789866012574,26,1
NA1_5410875060,240.06,16,14,2,1620,1446,174,3361,13415,2635,13193,759.1837722185584,12900.641301888832,26,1
NA1_5410875060,300.081,26,18,8,2473,1662,811,2445,13402,1272,8235,5298.473176302773,13801.72558052072,26,1
NA1_5410875060,360.11,32,30,2,2840,2337,503,3245,13091,2152,12345,1323.315910884472,13082.51909992873,26,1
NA1_5410875060,420.111,42,35,7,3871,2678,1193,1549,12867,394,461,12459.649312881964,14786.720055509268,26,1
NA1_5410875060,480.134,46,36,10,4212,3050,1162,2807,11771,1696,11959,1126.7941249403104,13854.230039955306,26,1
NA1_5410875060,540.216,53,47,6,4641,3664,977,12871,14298,1704,12837,11262.167198190586,3561.943991698915,26,1
NA1_5410875060,600.239,63,54,9,5319,4219,1100,2917,12855,1768,12213,1316.1933748503675,13455.70191405859,26,1
NA1_5410875060,660.247,65,58,7,5620,4631,989,12014,14198,1070,5512,13972.033924951656,4374.402816385341,26,1
NA1_5410875060,720.251,79,59,20,6724,4784,1940,1135,10799,1583,11939,1224.868972584415,15748.607113011614,26,1
NA1_5410875060,780.285,87,66,21,7249,5344,1905,4429,13682,3181,13377,1284.729154335652,11800.896787956413,26,1
NA1_5410875060,840.297,98,72,26,8018,6001,2017,1917,11508,1412,11216,583.3429523016456,14782.0483357348,26,1
NA1_5411327376,0.0,0,0,0,0,0,0,603,611,14103,14195,19151.37217016055,858.4462708871184,15,1
NA1_5411327376,60.028,0,0,0,0,0,0,3258,11422,14103,14195,11193.907003365715,11877.569111564875,15,1
NA1_5411327376,120.052,3,2,1,215,123,92,2529,12548,3054,12882,622.2387001786373,12800.318160108365,15,1
NA1_5411327376,180.119,11,14,-3,707,767,-60,957,11134,1426,11316,503.0755410472666,11175.052796295864,15,1
NA1_5411327376,240.144,21,25,-4,1386,1385,1,1352,11274,1904,12063,962.925230742242,11354.777848993788,15,1
NA1_5411327376,300.157,29,33,-4,2094,2002,92,1921,12512,2088,12624,201.07958623390888,12658.609125808413,15,1
NA1_5411327376,360.19,41,40,1,2678,2401,277,2890,13024,8583,13711,5734.301875555559,13340.789931634483,15,1
NA1_5411327376,420.219,45,51,-6,3112,3079,33,1106,11022,2372,11408,1323.5376836342816,11077.35166905881,15,1
NA1_5411327376,480.226,54,62,-8,3531,3727,-196,1139,10935,1672,11462,749.5451954352052,10994.15963136792,15,1
NA1_5411327376,540.252,67,72,-5,4332,4280,52,1207,11370,2694,11663,1515.59163365334,11433.885997332665,15,1
NA1_5411327376,600.259,76,72,4,5130,4300,830,2422,13412,12282,13689,9863.890155511668,13628.933487254239,15,1
NA1_5411327376,660.269,82,79,3,5468,4948,520,1427,11027,1745,11655,703.923291275406,11118.95040010522,15,1
NA1_5411327376,720.301,97,81,16,6207,5142,1065,2548,13466,5113,13466,2565.0,13704.942903930683,15,1
NA1_5411327376,780.306,107,92,15,6813,5969,844,1510,11571,2288,12234,1022.1805124340808,11669.110548795054,15,1
NA1_5411327376,840.332,114,96,18,7276,6287,989,3923,13872,4780,13511,929.930104900363,14416.043597325863,15,1
NA1_5411327376,900.35,123,108,15,7675,7026,649,1111,11171,2753,12830,2334.1904378177887,11226.11072455639,15,1
NA1_5411352752,0.0,0,0,0,0,0,0,14103,14195,603,611,19151.37217016055,2618.517519513666,8,1
NA1_5411352752,60.023,0,0,0,0,0,0,3306,11290,1126,10211,2432.4146439289498,13539.635741038235,8,1
NA1_5411352752,120.046,2,3,-1,153,215,-62,2576,12896,2257,12613,426.4387412044079,13778.192624578885,8,1
NA1_5411352752,180.122,8,9,-1,738,829,-91,3651,13574,3416,11945,1645.8632993052613,12585.041795719233,8,1
NA1_5411352752,240.139,12,10,2,1253,1283,-30,2219,12233,1714,11721,719.1446307941122,14286.57586687587,8,1
NA1_5411352752,300.148,21,19,2,1901,2054,-153,1949,11718,1231,11254,854.8801085532403,14688.979712696182,8,1
NA1_5411352752,360.156,32,30,2,2545,2637,-92,2101,11858,1257,11236,1048.436931818028,14503.046748873148,8,1
NA1_5411352752,420.187,38,39,-1,3193,3162,31,1794,12108,1348,11190,1020.6076621307524,14729.497615329587,8,1
NA1_5411352752,480.208,40,52,-12,3469,4241,-772,1378,11704,1564,12373,694.3752587758294,15240.02952753045,8,1
NA1_5411352752,540.228,54,59,-5,4114,4721,-607,2410,11670,1557,11533,863.9317102641852,14263.134297902407,8,1
NA1_5411352752,600.237,59,67,-8,4547,5509,-962,3363,12216,2795,11870,665.0864605447927,13191.376918275058,8,1
NA1_5411352752,660.237,70,70,0,5162,5770,-608,1349,11536,1078,10833,753.4255105848222,15315.975221970033,8,1
NA1_5411352752,720.243,80,76,4,6305,6303,2,1662,11491,1522,11380,178.6644900364927,15030.280270174606,8,1
NA1_5411352752,780.259,90,76,14,6993,6415,578,5227,12955,1711,11850,3685.5502981237414,11195.068289206636,8,1
NA1_5411352752,840.264,96,88,8,7425,7063,362,1568,11431,1105,10659,900.196089749339,15137.978233568709,8,1
NA1_5411352752,900.297,102,94,8,8038,7596,442,1498,11306,916,10023,1408.8339149807546,15242.756968475223,8,1
NA1_5411650858,0.0,0,0,0,0,0,0,14103,14195,603,611,19151.37217016055,2618.517519513666,8,1
NA1_5411650858,60.024,0,0,0,0,0,0,4311,11697,1181,10659,3297.6270256049274,12455.863277990811,8,1
NA1_5411650858,120.041,3,2,1,215,185,30,2204,12630,1497,11992,952.3092984949795,14201.637792874455,8,1
NA1_5411650858,180.043,13,11,2,829,707,122,1248,11630,1193,11144,489.10223880084624,15385.655787128477,8,1
NA1_5411650858,240.075,24,22,2,1477,1363,114,2378,12832,1935,11991,950.5419506786642,13985.53209570519,8,1
NA1_5411650858,300.149,29,26,3,1877,1912,-35,1395,12118,2865,12629,1556.2843570504717,15112.112658394259,8,1
NA1_5411650858,360.174,32,34,-2,2091,2249,-158,2971,13336,1093,11044,2963.13145169093,13298.561463556876,8,1
NA1_5411650858,420.188,35,43,-8,2491,2843,-352,3918,13872,2281,12053,2447.1473188183827,12267.970818354599,8,1
NA1_5411650858,480.219,46,46,0,3230,3243,-13,2466,13648,911,11034,3041.549111883614,13736.85043960223,8,1
NA1_5411650858,540.221,52,55,-3,3734,3768,-34,3968,10448,2026,7568,3473.5808613014897,13251.178362696655,8,1
NA1_5411650858,600.231,59,55,4,4273,3807,466,1119,10679,796,4449,6238.367494785795,15803.708488832614,8,1
NA1_5411650858,660.259,65,64,1,4589,4455,134,7432,13910,1992,12469,5627.617702012105,8819.224682476346,8,1
NA1_5411650858,720.285,78,68,10,5328,4764,564,1209,11622,977,10767,885.9170390053462,15425.322200848837,8,1
NA1_5411650858,780.301,84,72,12,6186,5071,1115,9582,13948,408,537,16248.606001746735,6738.058177249585,8,1
NA1_5411650858,840.33,94,79,15,6772,5746,1026,1205,11468,1072,10921,562.9369414064065,15473.559674489901,8,1
NA1_5411650858,900.356,96,88,8,7048,6236,812,4337,13716,3799,13545,564.5219216292668,11884.537222795005,8,1
NA1_5411690979,0.0,0,0,0,0,0,0,603,611,14103,14195,19151.37217016055,858.4462708871184,-27,0
NA1_5411690979,60.03,0,0,0,0,0,0,1870,13030,4324,14056,2659.848115964519,13163.502573403479,-27,0
NA1_5411690979,120.063,3,2,1,184,184,0,2053,12292,2522,12842,722.8146373725424,12462.265965706236,-27,0
NA1_5411690979,180.125,9,9,0,798,738,60,3138,11738,3060,13189,1453.0949728080404,12150.213496066643,-27,0
NA1_5411690979,240.135,17,15,2,1477,1416,61,2342,13403,3572,13685,1261.9128337567536,13606.078531303574,-27,0
NA1_5411690979,300.136,24,19,5,2125,1910,215,1467,10859,4015,13678,3799.8769716926363,10957.644363639478,-27,0
NA1_5411690979,360.15,25,29,-4,2279,2616,-337,1137,10895,1525,11624,825.823831092322,10954.167882591539,-27,0
NA1_5411690979,420.178,37,30,7,3078,2678,400,2049,12518,4841,13310,2902.1591961847994,12684.586118592912,-27,0
NA1_5411690979,480.185,40,42,-2,3406,3725,-319,1382,10755,2503,13472,2939.1716520135396,10843.428839624485,-27,0
NA1_5411690979,540.211,49,49,0,3983,4092,-109,3158,10890,2881,12870,1999.2821211624937,11338.653535583491,-27,0
NA1_5411690979,600.232,59,54,5,4784,4508,276,1536,11274,3777,10545,2356.591182195164,11378.153277223857,-27,0
NA1_5411690979,660.242,62,68,-6,5216,5402,-186,2720,12359,3218,13152,936.4042930273226,12654.773052093822,-27,0
NA1_5411690979,720.264,66,76,-10,5493,5862,-369,1149,6846,1421,10220,3384.946085242718,6941.751724168764,-27,0
NA1_5411690979,780.285,66,83,-17,5637,6739,-1102,5146,5136,6852,13494,8530.334108345347,7270.475362725604,-27,0
NA1_5411690979,840.303,76,95,-19,6360,7355,-995,688,880,8605,4646,8767.077335121437,1117.0246192452519,-27,0
NA1_5411690979,900.326,82,101,-19,6799,8252,-1453,9852,5478,1236,12133,10886.894920040333,11272.550199489022,-27,0
NA1_5411690979,960.36,88,108,-20,7405,8683,-1278,6704,6294,4920,11548,5548.618927264693,9195.545225814509,-27,0
NA1_5411690979,1020.366,96,123,-27,8713,9484,-771,8415,7224,3254,11799,6896.85044059968,11090.464417687836,-27,0
NA1_5412352010,0.0,0,0,0,0,0,0,14103,14195,603,611,19151.37217016055,2618.517519513666,-19,0
NA1_5412352010,60.012,0,0,0,0,0,0,4325,11755,1840,12963,2763.0579074641196,12422.7875293752,-19,0
NA1_5412352010,120.04,2,3,-1,185,215,-30,2954,13064,2679,12919,310.8858311341963,13372.292697963203,-19,0
NA1_5412352010,180.126,8,13,-5,707,829,-122,4163,13609,5563,13559,1400.89257261219,12076.069310831235,-19,0
NA1_5412352010,240.14,20,21,-1,1477,1324,153,1544,11732,944,10601,1280.2972311147128,15072.88160903548,-19,0
NA1_5412352010,300.158,22,31,-9,1695,2063,-368,4185,13659,3115,13268,1139.2019136219883,12044.687874743788,-19,0
NA1_5412352010,360.187,29,32,-3,2216,2217,-1,14153,14354,1219,11028,13354.79808907645,2474.009902971288,-19,0
NA1_5412352010,420.197,30,46,-16,2359,2895,-536,3829,13734,3067,13142,964.9393763340784,12380.145273784148,-19,0
NA1_5412352010,480.22,38,60,-22,2944,3989,-1045,3881,13433,3522,13236,409.49969474958095,12387.88319286229,-19,0
NA1_5412352010,540.246,44,68,-24,3281,4377,-1096,4243,11806,3313,9542,2447.5694065746125,12482.655366547617,-19,0
NA1_5412352010,600.248,53,69,-16,3775,4808,-1033,3773,13375,3571,13219,255.22539058643832,12505.604903402314,-19,0
NA1_5412352010,660.273,54,76,-22,4191,5186,-995,844,10633,842,10655,22.090722034374522,16078.215852512989,-19,0
NA1_5412352010,720.298,55,76,-21,4231,5452,-1221,3473,13161,3157,12359,862.0092806924993,12844.673993527435,-19,0
NA1_5412352010,780.304,69,88,-19,4994,6180,-1186,3888,13471,3271,13251,655.0488531399776,12373.212396140301,-19,0
NA1_5412387062,0.0,0,0,0,0,0,0,603,611,14103,14195,19151.37217016055,858.4462708871184,-10,0
NA1_5412387062,60.028,0,0,0,0,0,0,1623,11634,2579,12321,1177.2446644601962,11746.662717555144,-10,0
NA1_5412387062,120.043,2,2,0,185,185,0,2193,11939,1961,12455,565.7561312084916,12138.738402321718,-10,0
NA1_5412387062,180.121,5,14,-9,707,829,-122,1125,10479,1053,10704,236.23928547132036,10539.215625462835,-10,0
NA1_5412387062,240.122,10,23,-13,1355,1477,-122,1622,11273,1769,11899,643.0279931698153,11389.091842636093,-10,0
NA1_5412387062,300.155,15,31,-16,1908,2125,-217,1443,10936,2294,12338,1640.0624988091156,11030.790769477953,-10,0
NA1_5412387062,360.161,21,37,-16,2371,2431,-60,1482,11161,1848,11858,787.2515481089891,11258.962874083918,-10,0
NA1_5412387062,420.193,30,44,-14,3019,3018,1,1508,11139,2252,11632,892.5161062972477,11240.613195017431,-10,0
NA1_5412387062,480.207,43,54,-11,3727,3635,92,3044,13518,3606,13680,584.8828942617488,13856.488011036563,-10,0
NA1_5412387062,540.217,47,57,-10,4312,3910,402,1344,9099,1771,11404,2344.2171401130913,9197.724555562641,-10,0
NA1_5412387062,600.225,56,62,-6,5113,4322,791,3213,13721,2991,13360,423.79830108201236,14092.168392408601,-10,0
NA1_5412387062,660.229,66,68,-2,5719,4663,1056,1685,12880,4703,13558,3093.219681820223,12989.750767431991,-10,0
NA1_5412387062,720.249,69,78,-9,6179,5464,715,1236,10636,2052,11613,1272.9434394347613,10707.576383103695,-10,0
NA1_5412387062,780.259,74,86,-12,6581,6112,469,874,10306,1703,11185,1208.2557676253816,10342.993377161178,-10,0
NA1_5412387062,840.272,77,87,-10,7087,6736,351,1625,9441,1190,9158,518.9547186412317,9579.828077789287,-10,0
NA1_5412727673,0.0,0,0,0,0,0,0,14103,14195,603,611,19151.37217016055,2618.517519513666,38,1
NA1_5412727673,60.03,0,0,0,0,0,0,4531,12163,3687,11569,1032.0717029354114,12093.82197653,38,1
NA1_5412727673,120.053,2,4,-2,185,215,-30,2778,13114,2301,12847,546.6424791397025,13533.302627222965,38,1
NA1_5412727673,180.14,10,7,3,943,492,451,1045,10689,394,461,10248.696746416103,15870.058159943837,38,1
NA1_5412727673,240.143,15,11,4,1314,768,546,2207,11870,2058,11866,149.05368160498418,14398.046707800333,38,1
NA1_5412727673,300.173,22,20,2,1704,1701,3,4995,13312,1899,11742,3471.327699886601,11328.52015931472,38,1
NA1_5412727673,360.196,34,22,12,2463,2041,422,1611,11011,1424,10701,362.03452874000845,15229.361181612314,38,1
NA1_5412727673,420.218,44,26,18,3111,2750,361,1534,11095,1204,10469,707.6552833124331,15274.95273315109,38,1
NA1_5412727673,480.237,53,31,22,3759,3303,456,1503,10752,853,10703,651.8443065640752,15417.668857515393,38,1
NA1_5412727673,540.241,57,31,26,4363,3712,651,3811,10436,3937,10393,133.13526955694348,13398.873721324491,38,1
NA1_5412727673,600.263,63,32,31,4670,4084,586,1325,11325,1284,10607,719.169660094195,15401.663871153662,38,1
NA1_5412727673,660.279,74,36,38,5458,4368,1090,1239,10723,987,10900,307.9496712126837,15675.900293125113,38,1
NA1_5412753167,0.0,0,0,0,0,0,0,14103,14195,603,611,19151.37217016055,2618.517519513666,14,1
NA1_5412753167,60.027,0,0,0,0,0,0,4306,11823,1525,11277,2834.091918057705,12417.607056111898,14,1
NA1_5412753167,120.049,4,2,2,246,123,123,1875,12336,1183,12008,765.7989292235919,14592.481660087842,14,1
NA1_5412753167,180.157,11,10,1,829,829,0,2990,13186,2000,11429,2016.7173822824059,13310.848808396857,14,1
NA1_5412753167,240.165,16,12,4,1246,1014,232,8051,13778,1221,11494,7201.774503551191,8253.719464580801,14,1
NA1_5412753167,300.196,24,25,-1,1770,1754,16,1474,11830,1467,11152,678.0361347302959,15112.695854810287,14,1
NA1_5412753167,360.228,28,29,-1,2487,1938,549,14340,14391,1070,5660,15884.686367693886,2311.8133575182924,14,1
NA1_5412753167,420.256,38,31,7,3164,2248,916,1401,11483,1367,10867,616.9375981410113,15281.822208100708,14,1
NA1_5412753167,480.264,47,34,13,3831,2952,879,14340,14391,1386,10551,13511.170045558601,2311.8133575182924,14,1
NA1_5412753167,540.279,53,45,8,4281,3630,651,4475,9968,1336,10807,3249.1909762277746,13008.099361551633,14,1
NA1_5412753167,600.298,53,46,7,4603,3881,722,4587,4240,3999,3767,754.6343485423918,16387.6224327997,14,1
NA1_5412753167,660.31,56,48,8,4910,4158,752,3097,11364,1526,11672,1600.9075551074147,13710.576391968356,14,1
NA1_5412753167,720.33,63,53,10,5410,4984,426,1949,12373,2604,13052,943.4330924872203,14511.572278702264,14,1
NA1_5412753167,780.354,73,59,14,5873,5525,348,1521,11566,1477,10120,1446.6692780314372,15142.714320755047,14,1
NA1_5412753167,840.386,80,64,16,6365,6078,287,1579,12107,1317,11235,910.5097473393681,14937.224976547684,14,1
NA1_5412753167,900.411,94,70,24,7073,6685,388,1464,10595,1248,10312,356.0126402250347,15508.36293746055,14,1
NA1_5412753167,960.443,94,80,14,7073,8094,-1021,7864,13981,394,461,15446.400875284831,8382.771439088627,14,1
NA1_5412770924,0.0,0,0,0,0,0,0,603,611,14103,14195,19151.37217016055,858.4462708871184,42,1
NA1_5412770924,60.019,0,0,0,0,0,0,3435,11130,2877,11864,922.0195225698857,11648.00948660328,42,1
NA1_5412770924,120.036,2,3,-1,215,185,30,1776,11883,2394,12273,730.7694574898434,12014.985018717252,42,1
NA1_5412770924,180.128,11,13,-2,798,798,0,1291,11535,2229,12003,1048.269049433398,11607.019686379446,42,1
NA1_5412770924,240.136,20,23,-3,1477,1477,0,1476,10847,2411,12425,1834.205277497587,10946.962364053326,42,1
NA1_5412770924,300.166,30,34,-4,2064,2125,-61,1224,10983,1169,12138,1156.308782289575,11050.993846708992,42,1
NA1_5412770924,360.171,42,41,1,2647,2678,-31,1397,10807,2038,12252,1580.7928390526065,10896.919656490085,42,1
NA1_5412770924,420.176,50,48,2,3265,3325,-60,1406,11142,2677,11864,1461.754083284873,11230.360635349161,42,1
NA1_5412770924,480.178,64,51,13,3973,3675,298,3389,13484,13999,14343,10644.716107064574,13903.365671663822,42,1
NA1_5412770924,540.203,68,56,12,4250,4073,177,2625,7526,3570,8282,1210.1904808748084,7970.6524827017765,42,1
NA1_5412770924,600.211,79,57,22,5320,4444,876,1431,11625,2398,11715,971.1791801722276,11712.744597232537,42,1
NA1_5412770924,660.241,87,63,24,5781,4969,812,1483,10539,2553,11456,1409.180258164299,10642.829041190129,42,1
NA1_5412770924,720.254,99,67,32,6459,5139,1320,2941,13060,3653,13268,741.7600690250183,13387.049002674188,42,1
NA1_5412770924,780.267,110,77,33,7127,5810,1317,3133,13267,14340,14391,11263.22444950823,13631.910284329193,42,1
NA1_5412770924,840.296,116,77,39,7945,6287,1658,2172,12424,2120,12514,103.94229168149026,12612.42879068104,42,1
NA1_5412770924,900.311,124,82,42,8271,6659,1612,2436,11470,1189,12105,1399.369143578634,11725.826026340319,42,1
NA1_5412824268,0.0,0,0,0,0,0,0,603,611,14103,14195,19151.37217016055,858.4462708871184,-20,0
NA1_5412824268,60.011,0,0,0,0,0,0,3302,11117,2753,11431,632.4531603209838,11597.02086744695,-20,0
NA1_5412824268,120.029,2,5,-3,185,276,-91,1107,11176,1126,12064,888.2032425070289,11230.691207579344,-20,0
NA1_5412824268,180.039,6,13,-7,882,768,114,1685,12087,2031,12680,686.5602668375152,12203.884381622107,-20,0
NA1_5412824268,240.045,15,21,-6,1530,1169,361,394,461,2662,13238,12976.731213984514,606.4297156307564,-20,0
NA1_5412824268,300.067,18,32,-14,1901,1879,22,1457,11059,2264,13440,2514.042561294458,11154.565433041307,-20,0
NA1_5412824268,360.091,29,39,-10,2545,2246,299,1396,11669,2888,12768,1853.0690758846524,11752.207324583753,-20,0
NA1_5412824268,420.189,40,46,-6,3193,2618,575,3265,13040,4648,13267,1401.5056189684008,13442.53789282366,-20,0
NA1_5412824268,480.217,43,54,-11,3468,3109,359,3596,9959,3135,12339,2424.23616836314,10588.337782673916,-20,0
NA1_5412824268,540.242,47,62,-15,3734,3508,226,1745,12090,3103,12965,1615.4841379598872,12215.282436358155,-20,0
NA1_5412824268,600.257,56,72,-16,4350,4186,164,1933,12125,2504,12779,868.1917990858932,12278.11524624199,-20,0
NA1_5412824268,660.28,63,77,-14,5028,4463,565,2359,12655,5752,13528,3503.5093834611034,12872.99133845743,-20,0
NA1_5412824268,720.309,74,86,-12,5601,5263,338,1483,11603,3647,13441,2839.2146801536514,11697.38851197138,-20,0
NA1_5412824268,780.322,81,96,-15,6195,5818,377,3698,13229,4457,13984,1070.5634030733538,13736.14374560779,-20,0
NA1_5412824268,840.322,86,104,-18,6655,6694,-39,1796,13026,1835,12991,52.40229002629561,13149.231612531585,-20,0
NA1_5412824268,900.344,89,111,-22,7015,7032,-17,2644,12189,2565,13069,883.538906896578,12472.46795946977,-20,0
NA1_5412824268,960.377,99,124,-25,7743,7729,14,4688,7290,4060,9392,2193.8067371580387,8667.262774371156,-20,0
NA1_5412824268,1020.39,103,124,-21,8526,7983,543,3467,13384,14328,14516,10919.832645237746,13825.756579659574,-20,0
NA1_5412824268,1080.403,104,130,-26,8708,8474,234,4482,4461,3980,13503,9055.92446964969,6323.673378662121,-20,0
NA1_5412824268,1140.425,110,130,-20,9898,8529,1369,4808,4591,4313,13610,9032.573608889108,6647.867703256436,-20,0
NA1_5412868816,0.0,0,0,0,0,0,0,603,611,14103,14195,19151.37217016055,858.4462708871184,28,1
NA1_5412868816,60.022,0,0,0,0,0,0,2323,12996,4455,13452,2180.2201723679195,13201.982616258818,28,1
NA1_5412868816,120.053,3,0,3,276,61,215,3036,13098,3424,13088,388.1288445864337,13445.255668822367,28,1
NA1_5412868816,180.126,11,8,3,829,768,61,3240,13138,3768,13654,738.2682439330572,13531.616459240928,28,1
NA1_5412868816,240.15,13,12,1,1344,1125,219,1046,6734,3493,13533,7225.940077249465,6814.7539940925235,28,1
NA1_5412868816,300.179,25,19,6,1991,1618,373,2731,12914,3554,13211,874.9502843019139,13199.612001873389,28,1
NA1_5412868816,360.193,34,20,14,2770,1730,1040,2627,13571,4067,13576,1440.0086805293918,13822.921905299183,28,1
NA1_5412868816,420.199,38,30,8,3068,2438,630,1312,12035,3716,13318,2724.9412837710834,12106.302862558825,28,1
NA1_5412868816,480.214,55,32,23,3868,2624,1244,1815,11837,2727,12616,1199.4102717585838,11975.341080737533,28,1
NA1_5412868816,540.233,63,36,27,4441,3322,1119,3392,13517,4172,13694,799.8306070662712,13936.102503928421,28,1
NA1_5412868816,600.262,72,41,31,5035,4047,988,4191,10176,3769,13895,3742.8658805786777,11005.246794143237,28,1
NA1_5412868816,660.272,79,45,34,5620,4323,1297,2823,13016,4156,13591,1451.727935943922,13318.617983860036,28,1
NA1_5412868816,720.274,87,59,28,5926,5174,752,2736,13025,3258,13718,867.6018672179077,13309.256966487648,28,1
NA1_5412908886,0.0,0,0,0,0,0,0,603,611,14103,14195,19151.37217016055,858.4462708871184,9,1
NA1_5412908886,60.004,0,0,0,0,0,0,2804,12511,4679,13554,2145.5707865274453,12821.370324579195,9,1
NA1_5412908886,120.032,3,2,1,215,185,30,2394,12357,3004,13346,1161.9901032280782,12586.766264613005,9,1
NA1_5412908886,180.033,9,5,4,943,430,513,2343,13332,4370,13715,2062.8664522939916,13536.316818100853,9,1
NA1_5412908886,240.059,18,15,3,1591,1199,392,1284,10573,1758,11761,1279.0699746300043,10650.680025237825,9,1
NA1_5412908886,300.155,28,27,1,2178,1847,331,1314,11121,3175,13337,2893.7824728199594,11198.358674377241,9,1
NA1_5412908886,360.166,38,31,7,2792,2124,668,394,461,6597,13905,14806.023942976723,606.4297156307564,9,1
NA1_5412908886,420.176,47,39,8,3378,2795,583,1975,11382,2995,11125,1051.8787952991543,11552.079856025926,9,1
NA1_5412908886,480.189,58,43,15,4260,3043,1217,1787,12995,3261,12768,1491.3768806039604,13117.293699540312,9,1
NA1_5412908886,540.205,63,55,8,4709,3596,1113,2240,12124,3433,11478,1356.6742424030906,12329.192025432973,9,1
NA1_5412908886,600.212,73,62,11,5357,4084,1273,3787,11760,4431,11671,650.1207580134633,12354.714444292105,9,1
NA1_5412908886,660.234,73,68,5,5728,4782,946,1333,10074,1198,10943,879.4236749144294,10161.809140108862,9,1
NA1_5412908886,720.246,87,76,11,6641,5273,1368,2290,12618,3421,13112,1234.178674260741,12824.11883912497,9,1
NA1_5412908886,780.272,97,82,15,7761,5708,2053,2429,13466,3730,13237,1321.0003785010813,13683.318201372063,9,1
NA1_5412908886,840.283,106,91,15,8224,6397,1827,1932,11366,2519,11963,837.244289320626,11529.032049569469,9,1
NA1_5412908886,900.3,112,103,9,8622,7271,1351,999,10105,1629,10942,1047.6015463906112,10154.261469944528,9,1
NA1_5412948431,0.0,0,0,0,0,0,0,603,611,14103,14195,19151.37217016055,858.4462708871184,32,1
NA1_5412948431,60.004,1,0,1,0,0,0,2724,12042,2755,11962,85.7962703152066,12346.252062873169,32,1
NA1_5412948431,120.036,6,3,3,260,185,75,2417,12874,3002,13210,674.6265633667266,13098.922283913284,32,1
NA1_5412948431,180.117,12,5,7,957,461,496,469,636,8761,14024,15747.882651328082,790.2259170642279,32,1
NA1_5412948431,240.134,18,7,11,1298,1075,223,2109,12393,2484,12942,664.8503591034602,12571.170589885414,32,1
NA1_5412948431,300.144,32,10,22,2067,1321,746,3288,13373,8269,14075,5030.225144066615,13771.277101271327,32,1
NA1_5412948431,360.153,39,14,25,2487,1904,583,1325,11242,2215,12067,1213.5588160447767,11319.814000238697,32,1
NA1_5412948431,420.161,49,18,31,3365,2431,934,2722,13589,4549,13771,1836.0427554934554,13858.939533744997,32,1
NA1_5412948431,480.187,56,25,31,3737,3017,720,1744,11840,1907,12251,442.1425109622462,11967.754008167112,32,1
NA1_5412948431,540.217,59,25,34,4212,3437,775,738,4579,5331,13940,10427.078689642656,4638.090663193207,32,1
NA1_5412948431,600.242,67,37,30,4756,4239,517,1643,12334,2844,12811,1292.2577142350515,12442.950011954561,32,1
NA1_5412948431,660.27,67,44,23,4816,5000,-184,1697,9110,6859,13481,6764.013971008635,9266.709718125414,32,1
NA1_5412948431,720.293,77,56,21,5460,5583,-123,2147,11536,4651,12416,2654.131873136676,11734.091571144312,32,1
NA1_5412948431,780.314,89,57,32,6614,5802,812,1845,12869,4001,13670,2299.9863043070495,13000.584063802673,32,1
NA1_5412948431,840.347,99,64,35,7201,6408,793,3444,13525,4189,13970,867.7845354694908,13956.602774314386,32,1
NA1_5412948431,900.361,106,74,32,7713,7123,590,976,10806,3653,13561,3841.4000052064353,10849.986728102482,32,1
NA1_5415710667,0.0,0,0,0,0,0,0,603,611,14103,14195,19151.37217016055,858.4462708871184,1,1
NA1_5415710667,60.03,0,0,0,0,0,0,1283,6585,1320,12496,5911.115799914598,6708.823592851432,1,1
NA1_5415710667,120.06,1,2,-1,61,276,-215,1299,10971,2971,11687,1818.8567838067954,11047.635131556437,1,1
NA1_5415710667,180.144,9,5,4,829,676,153,2684,12871,3240,13219,655.9268251870783,13147.870435929919,1,1
NA1_5415710667,240.159,14,15,-1,1075,1560,-485,2441,12390,2927,13227,967.8662097624857,12628.166177240462,1,1
NA1_5415710667,300.173,23,20,3,1536,2016,-480,1403,11276,2406,13126,2104.4022904378335,11362.947900963025,1,1
NA1_5415710667,360.19,35,21,14,2089,2201,-112,1604,10884,1866,11418,594.8108943185221,11001.55770788846,1,1
NA1_5415710667,420.212,38,31,7,2521,3205,-684,1387,10667,14340,14391,13477.699544061665,10756.795898407667,1,1
NA1_5415710667,480.241,46,38,8,2920,3963,-1043,1968,12772,2934,11952,1267.1053626277492,12922.732218845982,1,1
NA1_5415710667,540.265,60,50,10,3598,4541,-943,2649,12458,2764,12831,390.3255051876574,12736.520914284245,1,1
NA1_5415710667,600.282,64,54,10,3854,5308,-1454,1263,10636,1297,10511,129.5414991421668,10710.726632679969,1,1
NA1_5415710667,660.314,70,60,10,4357,5708,-1351,6992,7242,3227,11612,5768.199459103334,10066.510219534872,1,1
NA1_5415710667,720.326,79,75,4,4878,6529,-1651,6644,6819,3343,10119,4667.61191617298,9520.582807790708,1,1
NA1_5415710667,780.331,81,80,1,5378,7500,-2122,6667,6789,1452,10956,6675.336246212621,9515.219913380877,1,1
NA1_5415801009,0.0,0,0,0,0,0,0,603,611,14103,14195,19151.37217016055,858.4462708871184,27,1
NA1_5415801009,60.011,0,0,0,0,0,0,1674,11292,3111,12957,2199.3621802695434,11415.408008476963,27,1
NA1_5415801009,120.037,3,3,0,185,246,-61,1384,11712,2145,12523,1112.1339847338538,11793.489729507548,27,1
NA1_5415801009,180.111,10,6,4,829,738,91,1466,11857,2612,12594,1362.5288987760957,11947.28441948211,27,1
NA1_5415801009,240.125,22,17,5,1477,1446,31,1833,11592,2322,12529,1056.9247844572478,11736.027990764167,27,1
NA1_5415801009,300.154,32,28,4,2125,2125,0,1277,11170,1072,12098,950.373084635713,11242.758958547496,27,1
NA1_5415801009,360.165,42,37,5,2678,2678,0,1086,10975,1199,12252,1281.989859554279,11028.600137823476,27,1
NA1_5415801009,420.167,48,47,1,3295,3653,-358,1151,10300,1528,11280,1050.0138094329998,10364.111201641943,27,1
NA1_5415801009,480.177,57,51,6,3819,3930,-111,3199,13070,6534,13697,3393.428060236433,13455.798043966028,27,1
NA1_5415801009,540.191,62,57,5,4550,4523,27,2790,12248,4611,12258,1821.027457233965,12561.75162945041,27,1
NA1_5415801009,600.205,66,59,7,4796,4842,-46,1331,11395,1785,11845,639.2307877441449,11472.470788805696,27,1
NA1_5415801009,660.212,79,69,10,5474,5457,17,2233,12168,4702,12331,2474.3746684768657,12371.196910566092,27,1
NA1_5415801009,720.226,90,74,16,6027,5794,233,1732,11145,3058,12498,1894.4352720533896,11278.778701614816,27,1
NA1_5415801009,780.234,93,78,15,6272,6699,-427,1206,10954,1823,11893,1123.5702025240791,11020.188383144818,27,1
NA1_5415801009,840.255,107,83,24,7571,6995,576,4137,13777,2978,12731,1561.2165128514366,14384.731419112419,27,1
NA1_5415801009,900.276,112,85,27,7867,7348,519,2954,13712,1116,10186,3976.2947576858533,14026.584046017762,27,1
NA1_5415841081,0.0,0,0,0,0,0,0,14103,14195,603,611,19151.37217016055,2618.517519513666,58,1
NA1_5415841081,60.015,0,0,0,0,0,0,2422,12637,1819,11772,1054.4353939431282,13988.275554906688,58,1
NA1_5415841081,120.032,1,2,-1,215,215,0,2437,12414,1596,12132,887.0202928907546,14029.054315954443,58,1
NA1_5415841081,180.046,14,10,4,829,829,0,3602,13656,2459,13543,1148.572157071553,12617.63607019952,58,1
NA1_5415841081,240.059,20,17,3,1446,1477,-31,2993,12637,1346,12868,1663.1205608734442,13434.724336583911,58,1
NA1_5415841081,300.163,23,17,6,1781,1477,304,2769,11080,596,880,10428.89874339568,14116.152485716495,58,1
NA1_5415841081,360.165,31,27,4,2242,1966,276,3788,13747,2566,12686,1618.3340199105994,12418.089748427494,58,1
NA1_5415841081,420.177,41,33,8,2889,2399,490,2118,12707,1124,10456,2460.698478074874,14267.227235871727,58,1
NA1_5415841081,480.186,53,34,19,3568,2675,893,2983,11490,1087,11098,1936.0991710137164,13776.152910010835,58,1
NA1_5415841081,540.2,65,41,24,4121,3323,798,1367,11256,1124,10356,932.2279764092043,15382.78989650447,58,1
NA1_5415841081,600.214,73,47,26,4717,4038,679,2929,13255,1106,10818,3043.402372345793,13356.124662490987,58,1
NA1_5415841081,660.22,83,50,33,5456,4568,888,1519,12389,1522,12099,290.01551682625535,14924.432384516336,58,1
NA1_5415841081,720.227,93,50,43,6556,4598,1958,1451,11307,1177,10216,1124.8808825826848,15287.17272748627,58,1
NA1_5415841081,780.238,105,56,49,7213,5389,1824,3211,12878,1082,12215,2229.8452861129176,13164.551074761343,58,1
NA1_5415841081,840.261,118,60,58,7952,6034,1918,1751,11247,967,10690,961.7198136671616,15020.819218671131,58,1
NA1_5415876009,0.0,0,0,0,0,0,0,14103,14195,603,611,19151.37217016055,2618.517519513666,38,1
NA1_5415876009,60.009,0,0,0,0,0,0,1014,12706,1592,11514,1324.7445036685376,15343.748955193447,38,1
NA1_5415876009,120.036,4,2,2,276,185,91,2059,12469,2311,9312,3167.041679548913,14381.21837675793,38,1
NA1_5415876009,180.036,13,7,6,798,768,30,1658,11545,1164,11041,705.7279929264532,15017.988846713131,38,1
NA1_5415876009,240.048,23,11,12,1621,1260,361,1612,12864,1346,11479,1410.3123767449536,14725.795054936762,38,1
NA1_5415876009,300.141,29,17,12,2053,1537,516,1672,11295,8484,10022,6929.925901479755,15080.736354700986,38,1
NA1_5415876009,360.141,39,18,21,2606,1813,793,1414,10881,1222,10768,222.78464938141497,15458.187377567914,38,1
NA1_5415876009,420.149,50,31,19,3254,2552,702,3902,9898,1619,11290,2673.902204643992,13549.760440686765,38,1
NA1_5415876009,480.151,55,31,24,4030,2676,1354,2437,12185,534,1206,11142.703890887526,14089.32908267814,38,1
NA1_5415876009,540.16,61,41,20,4398,3292,1106,3567,10464,1478,10985,2152.9890849700096,13609.80473776167,38,1
NA1_5415876009,600.17,73,50,23,5046,3940,1106,3193,11290,1265,10874,1972.3691338083752,13645.634796520095,38,1
NA1_5415876009,660.198,83,55,28,5713,4401,1312,1472,11259,1141,10826,545.0229352972221,15282.011156912562,38,1
NA1_5415876009,720.226,92,59,33,6203,4944,1259,1694,11181,1110,10809,692.4160598946272,15095.840387338494,38,1
NA1_5415876009,780.226,94,65,29,6345,5993,352,3211,13501,3286,12989,517.4640084102468,13030.868044762023,38,1
NA1_5415876009,840.24,99,68,31,6737,6269,468,1321,11246,1163,10531,732.2492744960557,15429.63243243338,38,1
NA1_5415876009,900.252,107,75,32,7960,6794,1166,14340,14391,1560,10851,13261.221663180206,2311.8133575182924,38,1
NA1_5415876009,960.267,114,79,35,8417,7070,1347,4299,10001,2139,11478,2616.7019318218113,13149.197770206363,38,1
NA1_5415876009,1020.272,114,79,35,9283,7177,2106,13126,14248,3446,8131,11450.76805284257,3365.914437415188,38,1
NA1_5415876009,1080.303,123,85,38,9691,7666,2025,4995,10687,1770,7991,4203.455840139159,12220.392546886536,38,1
NA1_5415912192,0.0,0,0,0,0,0,0,14103,14195,603,611,19151.37217016055,2618.517519513666,61,1
NA1_5415912192,60.012,0,0,0,0,0,0,1546,12675,1450,11422,1256.6721927376288,14831.511757066439,61,1
NA1_5415912192,120.014,6,0,6,276,123,153,1669,12229,1539,12083,195.48913013259843,14818.839428241336,61,1
NA1_5415912192,180.034,13,10,3,829,829,0,2246,12331,1254,11306,1426.4252521600984,14234.959676795715,61,1
NA1_5415912192,240.048,22,12,10,1477,1201,276,3644,13282,2858,12597,1042.6029925144087,12651.413359779215,61,1
NA1_5415912192,300.136,23,12,11,1630,1201,429,2740,13084,1439,11372,2150.243009522412,13576.84263737339,61,1
NA1_5415912192,360.163,37,19,18,2366,1600,766,1672,11311,1309,10751,667.359723087931,15075.752220038641,61,1
NA1_5415912192,420.174,42,23,19,2737,1907,830,6520,13432,3183,11762,3731.550482038264,9821.660959328621,61,1
NA1_5415912192,480.18,58,24,34,3829,2154,1675,1157,12162,1041,10249,1916.5137620168555,15331.173895041436,61,1
NA1_5415912192,540.188,58,24,34,3849,2382,1467,4304,13245,3355,9846,3528.9944743510155,12016.090920095437,61,1
NA1_5415912192,600.194,70,33,37,4455,3244,1211,1977,11660,1346,10593,1239.6168762968662,14679.241431354687,61,1
NA1_5415912192,660.215,75,34,41,5020,3526,1494,10947,14014,2333,12788,8700.808698046407,5429.272971586527,61,1
NA1_5415912192,720.218,87,40,47,5604,3998,1606,1337,11163,2176,9843,1564.071929292256,15440.21172134631,61,1
NA1_5415912192,780.244,97,45,52,6252,4493,1759,2884,13011,1208,11113,2532.0702991820745,13452.270328832974,61,1
NA1_5415912192,840.256,108,48,60,7261,4770,2491,14340,14391,1399,5602,15643.401228633113,2311.8133575182924,61,1
NA1_5415912192,900.286,116,55,61,7629,5291,2338,1698,11305,1582,11214,147.4347313220328,15052.914302552845,61,1
NA1_5415980575,0.0,0,0,0,0,0,0,14103,14195,603,611,19151.37217016055,2618.517519513666,-50,0
NA1_5415980575,60.016,0,0,0,0,0,0,4499,13486,603,611,13451.559054622629,11772.56119117671,-50,0
NA1_5415980575,120.028,4,3,1,246,185,61,2401,12533,1959,12369,471.44458847249484,14033.990523012333,-50,0
NA1_5415980575,180.029,8,16,-8,677,829,-152,3240,13716,3152,11814,1904.03466355001,12962.802783348978,-50,0
NA1_5415980575,240.053,19,27,-8,1386,1477,-91,3005,13043,2949,13006,67.11929677819934,13327.185524333336,-50,0
NA1_5415980575,300.119,26,31,-5,2131,1866,265,4820,13824,941,10836,4896.405314105441,11389.7926232219,-50,0
NA1_5415980575,360.123,26,47,-21,2255,2666,-411,3705,13523,2865,12841,1082.0,12542.031494140014,-50,0
NA1_5415980575,420.128,35,50,-15,2792,3151,-359,2839,13093,1536,9730,3606.6020018848767,13478.225773446593,-50,0
NA1_5415980575,480.128,47,57,-10,3748,3520,228,1174,12132,878,10628,1532.8509386107964,15322.261582416611,-50,0
NA1_5415980575,540.134,50,72,-22,4149,4341,-192,4083,13748,3116,12162,1857.5481151238048,12127.917916938588,-50,0
NA1_5415980575,600.162,53,85,-32,4485,5401,-916,6107,14034,2603,13648,3525.1967320987915,10086.456513563126,-50,0
NA1_5415980575,660.166,59,89,-30,4885,5746,-861,2183,12099,5545,11141,3495.8272268520363,14357.133766877008,-50,0
NA1_5415980575,720.175,62,100,-38,5221,6420,-1199,3324,13238,2119,12774,1291.247846077584,12973.419749626542,-50,0
NA1_5415980575,780.204,67,113,-46,5590,7548,-1958,12970,12870,758,1716,16539.18559059061,4356.351684609497,-50,0
NA1_5415980575,840.228,74,124,-50,6955,8673,-1718,7292,7578,4026,13718,6954.592439532313,12114.427266693214,-50,0
NA1_5416235288,0.0,0,0,0,0,0,0,14103,14195,362,135,19659.569705362323,2618.517519513666,-5,0
NA1_5416235288,60.01,0,0,0,0,0,0,10588,14019,994,10602,10184.337239113795,5763.167965624462,-5,0
NA1_5416235288,120.017,3,1,2,215,153,62,2415,12423,1924,12719,573.3210269997081,14048.03025338428,-5,0
NA1_5416235288,180.041,9,12,-3,829,798,31,1284,12254,1171,10949,1309.8832008999887,15185.294597076476,-5,0
NA1_5416235288,240.047,13,23,-10,1075,1477,-402,3490,13581,1614,11691,2662.9825384331757,12741.729121277065,-5,0
NA1_5416235288,300.066,24,23,1,1844,1662,182,2192,12990,2371,13026,182.58422713914803,14132.266767932171,-5,0
NA1_5416235288,360.092,32,26,6,2397,2185,212,1837,11344,394,461,10978.248403092362,14908.68555574233,-5,0
NA1_5416235288,420.182,39,39,0,2801,2894,-93,14340,14391,3644,13570,10727.462747546599,2311.8133575182924,-5,0
NA1_5416235288,480.207,43,46,-3,3203,3389,-186,2405,12685,1367,11493,1580.6036821417315,13993.328767666399,-5,0
NA1_5416235288,540.236,56,47,9,3817,3513,304,1393,11040,994,8441,2629.4489917090996,15426.148223065926,-5,0
NA1_5416235288,600.259,62,53,9,4125,4194,-69,4049,13847,3082,13363,1081.362566394824,12143.385442289147,-5,0
NA1_5416235288,660.287,65,59,6,4470,4483,-13,9732,9499,951,5923,9481.23077453555,9030.54954031038,-5,0
NA1_5416235288,720.32,69,67,2,5022,5046,-24,8494,7940,1674,10518,7290.986490180872,11013.792988793643,-5,0
NA1_5416235288,780.328,75,79,-4,5422,5785,-363,6376,6583,3653,13367,7310.087892768458,13464.815817529774,-5,0
NA1_5416235288,840.354,86,91,-5,6052,6433,-381,7022,7656,1191,11108,6776.1984179922,12256.705103738117,-5,0
NA1_5416565268,0.0,0,0,0,0,0,0,14103,14195,603,611,19151.37217016055,2618.517519513666,-27,0
NA1_5416565268,60.007,0,0,0,0,0,0,4494,11699,1818,13019,2983.8525432735446,12283.592186327256,-27,0
NA1_5416565268,120.024,4,2,2,215,185,30,2832,12584,1904,12685,933.4800479924571,13603.87003760327,-27,0
NA1_5416565268,180.033,14,12,2,829,768,61,2023,12045,1023,11175,1325.481044753187,14525.789272876018,-27,0
NA1_5416565268,240.049,18,24,-6,1106,1621,-515,3933,13624,646,2877,11238.433075834015,12298.693629812884,-27,0
NA1_5416565268,300.13,34,26,8,1906,1744,162,1667,11520,1228,10875,780.2217633468064,15016.833521085595,-27,0
NA1_5416565268,360.148,39,41,-2,2398,2575,-177,3789,13775,3118,13059,981.2731525930993,12412.056477473827,-27,0
NA1_5416565268,420.168,49,56,-7,2888,3284,-396,3730,13664,394,461,13617.933213230266,12490.388144489345,-27,0
NA1_5416565268,480.169,53,67,-14,3165,3932,-767,9218,13884,4224,13656,4999.201936309434,7104.433826843629,-27,0
NA1_5416565268,540.2,62,77,-15,3626,4443,-817,4078,13875,3568,13328,747.8696410471547,12109.901279531556,-27,0
NA1_5416565268,600.207,67,82,-15,3930,5119,-1189,2755,12719,1956,13704,1268.3162066298767,13645.328358086514,-27,0
NA1_5416565268,660.212,78,96,-18,4449,5754,-1305,4068,13574,5447,13415,1388.1361604684175,12176.128284475324,-27,0
NA1_5416565268,720.24,93,113,-20,5189,6572,-1383,1550,11753,6482,13520,5238.980148845765,15061.192150689798,-27,0
NA1_5416565268,780.254,104,120,-16,5864,7437,-1573,3611,13357,1269,12372,2540.706397835059,12667.78473135694,-27,0
NA1_5416565268,840.254,104,131,-27,5926,8410,-2484,7631,13731,4473,13605,3160.512616649394,8671.131529391076,-27,0
NA1_5416653637,0.0,0,0,0,0,0,0,14103,14195,603,611,19151.37217016055,2618.517519513666,10,1
NA1_5416653637,60.004,0,0,0,0,0,0,4331,11627,2538,13434,2545.603661216726,12461.488273878043,10,1
NA1_5416653637,120.034,3,2,1,185,215,-30,3247,13106,2500,13516,852.1202966717786,13077.241490467322,10,1
NA1_5416653637,180.113,14,6,8,768,798,-30,3495,13395,2622,12979,967.0496367818976,12773.450982408787,10,1
NA1_5416653637,240.139,23,12,11,1382,1325,57,3348,11388,2346,9794,1882.7745483726935,13466.389568106219,10,1
NA1_5416653637,300.172,33,21,12,1965,1973,-8,3729,13436,2442,13466,1287.3496028662921,12536.009612312842,10,1
NA1_5416653637,360.192,40,25,15,2397,2433,-36,14340,14391,3845,13152,10567.88275862294,2311.8133575182924,10,1
NA1_5416653637,420.202,54,27,27,3106,2581,525,1469,11440,1213,10440,1032.2480322093136,15229.693398095707,10,1
NA1_5416653637,480.218,62,38,24,3570,3215,355,4162,13710,3465,13727,697.2072862499358,12057.460097383693,10,1
NA1_5416653637,540.22,68,43,25,3907,3542,365,1676,11313,1244,10694,754.8410428692918,15071.328574482079,10,1
NA1_5416653637,600.244,72,55,17,4298,4759,-461,10931,14082,1308,12344,9778.689738405652,5419.73108188958,10,1
NA1_5416653637,660.262,79,59,20,4824,5097,-273,2049,12006,1195,11471,1007.7405420047364,14511.458817086585,10,1
NA1_5416653637,720.29,86,71,15,5181,5959,-778,14340,14391,3381,13683,10981.84615627081,2311.8133575182924,10,1
NA1_5416653637,780.311,96,82,14,5798,6567,-769,3276,13308,2697,11824,1592.95229055989,13005.654155020424,10,1
NA1_5416653637,840.332,100,90,10,5983,7699,-1716,3999,13401,4212,13754,412.2838827798147,12279.202009902761,10,1
NA1_5417290138,0.0,0,0,0,0,0,0,603,611,14103,14195,19151.37217016055,858.4462708871184,28,1
NA1_5417290138,60.029,0,0,0,0,0,0,1274,11472,1047,12589,1139.8324438267232,11542.523987412806,28,1
NA1_5417290138,120.033,2,5,-3,123,276,-153,1601,11587,1729,11942,377.37117006999887,11697.083824612013,28,1
NA1_5417290138,180.114,10,9,1,738,738,0,1287,11173,1526,11686,565.9416931098115,11246.879478326422,28,1
NA1_5417290138,240.117,21,20,1,1431,1353,78,2959,12942,3674,13537,930.1881530099166,13275.957404270323,28,1
NA1_5417290138,300.136,29,21,8,2253,1539,714,2501,13514,10517,14092,8036.811556830234,13743.478344291158,28,1
NA1_5417290138,360.137,35,29,6,2620,2119,501,1520,11413,2721,11601,1215.6253534703856,11513.773013222035,28,1
NA1_5417290138,420.157,45,32,13,3472,2364,1108,1309,12140,3565,13722,2755.405596277978,12210.367766779182,28,1
NA1_5417290138,480.169,51,39,12,3905,2794,1111,3423,13109,3852,13669,705.4367441521599,13548.535345195067,28,1
NA1_5417290138,540.191,64,47,17,4458,3595,863,3351,13425,4387,13614,1053.0987608007142,13836.900881339001,28,1
NA1_5417290138,600.221,64,51,13,4539,4082,457,1690,11084,14340,14391,13075.11946408139,11212.09864387573,28,1
NA1_5417290138,660.228,80,51,29,5670,4266,1404,4126,13808,3213,12841,1329.9090194445635,14411.27128326991,28,1
NA1_5417290138,720.244,84,58,26,6120,4757,1363,3232,11600,4806,9366,2732.8066159170503,12041.836404801386,28,1
NA1_5417290138,780.264,94,71,23,6768,5559,1209,3399,13295,4012,13320,613.509576127382,13722.617315949607,28,1
NA1_5417290138,840.289,107,79,28,7416,6212,1204,3206,13520,4064,13456,860.3836353627374,13894.92123043524,28,1
NA1_5417863521,0.0,0,0,0,0,0,0,603,611,14103,14195,19151.37217016055,858.4462708871184,18,1
NA1_5417863521,60.024,0,0,0,0,0,0,1507,10212,10372,6158,9747.98138077828,10322.596233506374,18,1
NA1_5417863521,120.056,3,1,2,215,153,62,2576,12417,2647,12395,74.33034373659252,12681.390499468109,18,1
NA1_5417863521,180.089,13,7,6,829,737,92,2651,12834,3855,13190,1255.5285739480405,13104.936360013351,18,1
NA1_5417863521,240.1,21,15,6,1382,1357,25,1599,11223,13256,14117,12010.865289395264,11336.336709890016,18,1
NA1_5417863521,300.14,32,19,13,2030,1797,233,2767,13523,3001,13365,282.3473038652928,13803.181444869875,18,1
NA1_5417863521,360.147,37,23,14,2367,2145,222,1227,11220,3752,13306,3275.213122836436,11286.891910530552,18,1
NA1_5417863521,420.152,48,27,21,3045,2422,623,2849,12826,3580,13481,981.5222870622958,13138.610162418247,18,1
NA1_5417863521,480.18,58,34,24,3693,2975,718,3221,13132,3992,13490,850.061762461999,13521.252345844301,18,1
NA1_5417863521,540.191,64,40,24,4204,3345,859,859,7649,2991,10991,3964.1377372639313,7697.082694112101,18,1
NA1_5417863521,600.201,79,53,26,4963,4084,879,4839,12595,4926,12661,109.20164833920778,13492.588558167776,18,1
NA1_5417863521,660.22,89,62,27,5486,4607,879,1292,10474,2820,11719,1970.9918822765353,10553.385238870038,18,1
NA1_5417863521,720.25,94,74,20,5706,5160,546,3410,11179,11485,14006,8555.5569076478,11687.520737949517,18,1
NA1_5417863521,780.278,101,85,16,6078,5774,304,445,795,1553,11343,10606.03450871248,911.0707985661707,18,1
NA1_5417863521,840.303,111,93,18,6664,6329,335,3486,13116,4000,13359,568.5463921264474,13571.354096036253,18,1
NA1_5419727176,0.0,0,0,0,0,0,0,603,611,14103,14195,19151.37217016055,858.4462708871184,5,1
NA1_5419727176,60.026,0,0,0,0,0,0,2883,9864,2335,13368,3546.5927310589245,10276.681614217694,5,1
NA1_5419727176,120.05,3,6,-3,185,276,-91,1100,11095,1982,11682,1059.477701511457,11149.395723535872,5,1
NA1_5419727176,180.131,7,11,-4,943,552,391,2502,12322,9411,13835,7072.725782893042,12573.451713829421,5,1
NA1_5419727176,240.152,9,21,-12,1183,1139,44,2933,12033,2815,12419,403.63349712331853,12385.296847472006,5,1
NA1_5419727176,300.172,12,26,-14,1368,1660,-292,2105,9846,2713,13091,3301.467703915942,10068.50242091643,5,1
NA1_5419727176,360.174,17,32,-15,1677,2106,-429,1354,11056,7936,13729,7104.058910228715,11138.601887131077,5,1
NA1_5419727176,420.177,27,40,-13,2467,2568,-101,2985,9854,3529,10156,622.205753750317,10296.190606238795,5,1
NA1_5419727176,480.2,37,43,-6,3115,2753,362,1991,11892,3678,13663,2445.896563634693,12057.518194056354,5,1
NA1_5419727176,540.227,48,49,-1,3668,3094,574,3682,13788,5778,13672,2099.207469498906,14271.162111054586,5,1
NA1_5419727176,600.255,49,56,-7,4058,3833,225,1306,11370,1862,11694,643.5153455823722,11444.760198448896,5,1
NA1_5419727176,660.286,65,60,5,4858,4294,564,3690,13387,4552,13822,965.5407811169863,13886.247477270452,5,1
NA1_5419727176,720.305,76,63,13,5411,4781,630,3730,13652,5616,13637,1886.0596491097517,14152.385099339263,5,1
NA1_5419727176,780.335,77,72,5,5596,6047,-451,358,543,1198,10738,10229.546666397295,650.3944956716654,5,1
NA1_5419727176,840.361,88,75,13,6223,6231,-8,3277,13099,3801,13774,854.5179927889172,13502.68602908325,5,1
NA1_5419727176,900.361,95,86,9,6775,6909,-134,1372,10251,2974,11109,1817.296893740811,10342.40711826797,5,1
NA1_5419727176,960.367,101,96,5,7340,7439,-99,1783,11432,2516,12243,1093.165129337741,11570.207992944639,5,1
NA1_5419750110,0.0,0,0,0,0,0,0,603,611,14103,14195,19151.37217016055,858.4462708871184,36,1
NA1_5419750110,60.02,0,0,0,0,0,0,3421,13333,3280,13284,149.27156460625713,13764.887576729423,36,1
NA1_5419750110,120.03,1,0,1,227,30,197,2532,12816,2278,12864,258.49564793241683,13063.723818268663,36,1
NA1_5419750110,180.114,8,8,0,871,583,288,3435,13518,4574,13785,1169.8760618116776,13947.600116149015,36,1
NA1_5419750110,240.136,14,14,0,1242,920,322,1596,9996,2824,13189,3420.9988307510425,10122.609940129078,36,1
NA1_5419750110,300.157,23,15,8,2217,1166,1051,3566,13355,8259,14083,4749.129709746829,13822.893365717613,36,1
NA1_5419750110,360.187,28,24,4,2494,1749,745,1581,10879,1731,11636,771.7182128212344,10993.279856348605,36,1
NA1_5419750110,420.216,39,27,12,3294,2276,1018,3481,13148,4274,13494,865.1965094705364,13601.002352767975,36,1
NA1_5419750110,480.24,48,30,18,4137,2617,1520,3595,13140,4136,13401,600.6679615228367,13622.908096291334,36,1
NA1_5419750110,540.27,57,32,25,4690,3325,1365,3350,13303,3959,13362,611.851289121793,13718.320196000675,36,1
NA1_5419750110,600.273,63,38,25,5062,3693,1369,1332,7003,2938,13231,6431.735380128756,7128.5505539345095,36,1
NA1_5419750110,660.301,74,39,35,6163,3913,2250,3936,13753,7417,13792,3481.2184648481916,14305.142606769077,36,1
NA1_5419750110,720.332,84,48,36,6716,4754,1962,3105,12768,3948,13604,1187.2426036830045,13140.123629555394,36,1
